mssv,ho_ten,ma_nganh,ngay_sinh
250001,Vo Anh,CNTT,27/9/2007
250002,Phan Le Thuy Anh,ATTT,15/3/2007
250003,Bui Le Chi Anh,KTDL,10/1/2007
250004,Huynh Anh,AI,8/7/2007
250005,Huynh Anh,CNTT,22/1/2007
250006,Bui Anh,ATTT,10/11/2007
250007,Vo Dong Anh,KTDL,21/5/2007
250008,Tran Thi Anh,AI,19/7/2007
250009,Huynh Vu Chi Anh,CNTT,6/5/2007
250010,Huynh Tue Anh,ATTT,26/11/2007
250011,Pham Nguyen Ngoc An,KTDL,5/9/2007
250012,Tran Chi An,AI,29/3/2007
250013,Bui An,CNTT,9/5/2007
250014,Vo An,ATTT,4/11/2007
250015,Vo Tran Cat An,KTDL,19/9/2007
250016,Bui Le Minh An,AI,5/7/2007
250017,Nguyen Le Cat An,CNTT,11/5/2007
250018,Bui Vu Van An,ATTT,14/7/2007
250019,Vo Khanh An,KTDL,3/5/2007
250020,Le Phan Quang An,AI,4/3/2007
250021,Hoang Thi Anh,CNTT,16/9/2007
250022,Nguyen Khanh Anh,ATTT,28/3/2007
250023,Pham Cat Anh,KTDL,6/5/2007
250024,Bui Thanh Anh,AI,19/11/2007
250025,Hoang Anh,CNTT,12/9/2007
250026,Pham Vo Thanh Anh,ATTT,18/7/2007
250027,Hoang Anh,KTDL,15/1/2007
250028,Pham Nguyen Ngoc Anh,AI,19/11/2007
250029,Hoang Anh,CNTT,29/5/2007
250030,Vu Anh,ATTT,3/11/2007
250031,Tran Bach,KTDL,20/5/2007
250032,Le Tan Bach,AI,23/3/2007
250033,Nguyen Tran Minh Bach,CNTT,23/1/2007
250034,Phan Bach,ATTT,15/3/2007
250035,Huynh Bach,KTDL,3/1/2007
250036,Nguyen Bach,AI,6/7/2007
250037,Vo Gia Bach,CNTT,15/5/2007
250038,Le Phan Quang Bach,ATTT,14/7/2007
250039,Hoang Bach,KTDL,22/9/2007
250040,Pham Phan Gia Bach,AI,13/3/2007
250041,Pham Van Bao,CNTT,13/9/2007
250042,Vo Le Van Bao,ATTT,16/11/2007
250043,Huynh Bao,KTDL,2/1/2007
250044,Vo Bao,AI,18/3/2007
250045,Phan Duc Bao,CNTT,13/5/2007
250046,Tran Bao,ATTT,27/11/2007
250047,Hoang Tan Bao,KTDL,29/6/2007
250048,Vo Dong Bao,AI,11/4/2007
250049,Tran Phan Gia Bao,CNTT,7/6/2007
250050,Pham Vo Thanh Bao,ATTT,30/8/2007
250051,Hoang Bui Thanh Bich,KTDL,9/2/2007
250052,Tran Bich,AI,1/12/2007
250053,Le Thi Bich,CNTT,24/2/2007
250054,Nguyen Tue Bich,ATTT,16/4/2007
250055,Hoang Bui Khanh Bich,KTDL,1/10/2007
250056,Vu Bich,AI,7/12/2007
250057,Hoang Vo Khanh Bich,CNTT,24/2/2007
250058,Pham Minh Bich,ATTT,26/4/2007
250059,Phan Bich,KTDL,7/2/2007
250060,Nguyen Bich,AI,6/4/2007
250061,Nguyen Thanh Binh,CNTT,9/7/2007
250062,Hoang Binh,ATTT,18/5/2007
250063,Le Bui Gia Binh,KTDL,14/3/2007
250064,Pham Phan Khanh Binh,AI,16/5/2007
250065,Vu Binh,CNTT,21/11/2007
250066,Vu Phuong Binh,ATTT,3/9/2007
250067,Bui Le Tan Binh,KTDL,20/3/2007
250068,Huynh Le Thuy Binh,AI,2/5/2007
250069,Vo Pham Tan Binh,CNTT,11/11/2007
250070,Vo Binh,ATTT,9/5/2007
250071,Bui Chau,KTDL,16/3/2007
250072,Huynh Le Tan Chau,AI,1/9/2007
250073,Bui Le Phuong Chau,CNTT,23/11/2007
250074,Nguyen Quang Chau,ATTT,8/9/2007
250075,Le Bui Khanh Chau,KTDL,3/7/2007
250076,Pham Tan Chau,AI,23/1/2007
250077,Nguyen Chau,CNTT,25/7/2007
250078,Nguyen Chau,ATTT,5/9/2007
250079,Nguyen Chau,KTDL,24/11/2007
250080,Bui Le Chi Chau,AI,25/9/2007
250081,Vo Hoang Minh Chi,CNTT,25/7/2007
250082,Nguyen Tran Thuy Chi,ATTT,3/1/2007
250083,Nguyen Tue Chi,KTDL,18/3/2007
250084,Le Cat Chi,AI,18/9/2007
250085,Huynh Tran Cat Chi,CNTT,16/11/2007
250086,Vo Tran Thuy Chi,ATTT,26/9/2007
250087,Bui Chi,KTDL,17/7/2007
250088,Bui Pham Minh Chi,AI,15/9/2007
250089,Bui Pham Minh Chi,CNTT,14/7/2007
250090,Vo Hoang Thuy Chi,ATTT,27/9/2007
250091,Vo Vu Cat Cuc,KTDL,19/7/2007
250092,Huynh Hoang Cat Cuc,AI,16/9/2007
250093,Vo Khanh Cuc,CNTT,26/11/2007
250094,Hoang Phuong Cuc,ATTT,21/9/2007
250095,Bui Cuc,KTDL,12/7/2007
250096,Phan Hoang Thi Cuc,AI,29/9/2007
250097,Nguyen Le Cat Cuc,CNTT,2/3/2007
250098,Bui Hoang Thuy Cuc,ATTT,12/5/2007
250099,Phan Thanh Cuc,KTDL,23/3/2007
250100,Tran Cuc,AI,22/9/2007
250101,Vu Minh Cuong,CNTT,3/8/2007
250102,Huynh Quang Cuong,ATTT,12/6/2007
250103,Tran Cuong,KTDL,22/8/2007
250104,Tran Bui Dong Cuong,AI,16/6/2007
250105,Vu Cuong,CNTT,9/12/2007
250106,Tran Huynh Quang Cuong,ATTT,2/2/2007
250107,Hoang Tan Cuong,KTDL,27/12/2007
250108,Phan Vu Minh Cuong,AI,4/6/2007
250109,Phan Cuong,CNTT,27/9/2007
250110,Huynh Tran Tan Cuong,ATTT,1/3/2007
250111,Vo Le Phuong Cam,KTDL,17/5/2007
250112,Nguyen Cam,AI,31/3/2007
250113,Vo Tue Cam,CNTT,27/5/2007
250114,Tran Thuy Cam,ATTT,11/3/2007
250115,Vo Le Cat Cam,KTDL,6/9/2007
250116,Bui Cam,AI,24/3/2007
250117,Huynh Pham Thuy Cam,CNTT,22/9/2007
250118,Bui Le Phuong Cam,ATTT,21/3/2007
250119,Phan Tue Cam,KTDL,12/5/2007
250120,Vu Cam,AI,1/3/2007
250121,Vu Phan Khanh Diep,CNTT,19/1/2007
250122,Vu Bui Khanh Diep,ATTT,7/3/2007
250123,Vu Thi Diep,KTDL,21/9/2007
250124,Nguyen Tu Diep,AI,29/7/2007
250125,Hoang Diep,CNTT,7/1/2007
250126,Le Thuy Diep,ATTT,25/7/2007
250127,Phan Diep,KTDL,18/5/2007
250128,Bui Diep,AI,23/7/2007
250129,Vo Diep,CNTT,8/5/2007
250130,Nguyen Vu Cat Diep,ATTT,10/7/2007
250131,Huynh Khanh Dung,KTDL,27/1/2007
250132,Vu Dung,AI,8/11/2007
250133,Vu Huynh Khanh Dung,CNTT,4/9/2007
250134,Hoang Thuy Dung,ATTT,5/11/2007
250135,Vo Dung,KTDL,8/1/2007
250136,Huynh Dung,AI,30/11/2007
250137,Bui Vu Minh Dung,CNTT,9/5/2007
250138,Bui Dung,ATTT,27/11/2007
250139,Vo Dung,KTDL,19/5/2007
250140,Vo Dung,AI,22/3/2007
250141,Phan Thanh Dung,CNTT,7/1/2007
250142,Pham Tan Dung,ATTT,11/11/2007
250143,Vo Duc Dung,KTDL,19/1/2007
250144,Vu Dung,AI,21/7/2007
250145,Vu Bui Duc Dung,CNTT,10/5/2007
250146,Vu Van Dung,ATTT,24/11/2007
250147,Bui Le Van Dung,KTDL,22/5/2007
250148,Nguyen Dung,AI,10/7/2007
250149,Bui Pham Van Dung,CNTT,7/5/2007
250150,Bui Gia Dung,ATTT,13/11/2007
250151,Hoang Duong,KTDL,14/5/2007
250152,Tran Duong,AI,24/7/2007
250153,Tran Duong,CNTT,16/1/2007
250154,Pham Chi Duong,ATTT,7/11/2007
250155,Nguyen Hoang Thuy Duong,KTDL,19/5/2007
250156,Phan Gia Duong,AI,21/3/2007
250157,Le Huynh Ngoc Duong,CNTT,13/5/2007
250158,Vu Duong,ATTT,21/11/2007
250159,Le Duong,KTDL,8/9/2007
250160,Pham Nguyen Gia Duong,AI,24/11/2007
250161,Hoang Bui Gia Dat,CNTT,22/5/2007
250162,Hoang Dat,ATTT,14/11/2007
250163,Pham Minh Dat,KTDL,9/9/2007
250164,Phan Dat,AI,5/11/2007
250165,Huynh Dat,CNTT,13/5/2007
250166,Vo Dong Dat,ATTT,11/11/2007
250167,Tran Phan Quang Dat,KTDL,27/5/2007
250168,Tran Dat,AI,17/7/2007
250169,Vu Huynh Quang Dat,CNTT,28/5/2007
250170,Hoang Nguyen Duc Dat,ATTT,18/3/2007
250171,Vu Nguyen Duc Dang,KTDL,24/5/2007
250172,Vu Dang,AI,6/7/2007
250173,Pham Vo Dong Dang,CNTT,3/5/2007
250174,Pham Dang,ATTT,12/7/2007
250175,Vu Dang,KTDL,3/9/2007
250176,Tran Anh Dang,AI,10/11/2007
250177,Vo Dang,CNTT,4/9/2007
250178,Vo Dang,ATTT,12/7/2007
250179,Bui Tran Van Dang,KTDL,5/9/2007
250180,Bui Vu Tan Dang,AI,15/11/2007
250181,Nguyen Tran Cat Dao,CNTT,2/1/2007
250182,Phan Dao,ATTT,5/3/2007
250183,Bui Dao,KTDL,20/1/2007
250184,Bui Dao,AI,30/7/2007
250185,Vo Dao,CNTT,2/5/2007
250186,Nguyen Hoang Phuong Dao,ATTT,26/11/2007
250187,Bui Vu Phuong Dao,KTDL,3/9/2007
250188,Huynh Dao,AI,10/7/2007
250189,Vo Dao,CNTT,19/9/2007
250190,Phan Dao,ATTT,8/3/2007
250191,Vo Diep,KTDL,21/5/2007
250192,Bui Thanh Diep,AI,4/7/2007
250193,Hoang Thuy Diep,CNTT,1/9/2007
250194,Nguyen Diep,ATTT,5/3/2007
250195,Bui Vu Phuong Diep,KTDL,24/5/2007
250196,Nguyen Tran Minh Diep,AI,16/11/2007
250197,Vo Diep,CNTT,12/9/2007
250198,Huynh Hoang Thuy Diep,ATTT,12/3/2007
250199,Vo Tu Diep,KTDL,23/5/2007
250200,Le Diep,AI,30/11/2007
250201,Hoang Giang,CNTT,15/1/2007
250202,Tran Bui Ngoc Giang,ATTT,6/3/2007
250203,Hoang Giang,KTDL,17/9/2007
250204,Tran Phan Ngoc Giang,AI,10/7/2007
250205,Tran Minh Giang,CNTT,6/1/2007
250206,Huynh Tue Giang,ATTT,23/7/2007
250207,Hoang Giang,KTDL,10/5/2007
250208,Hoang Phan Tu Giang,AI,16/3/2007
250209,Tran Giang,CNTT,29/9/2007
250210,Pham Thi Giang,ATTT,20/7/2007
250211,Phan Khanh Ha,KTDL,21/1/2007
250212,Hoang Ha,AI,25/11/2007
250213,Pham Ha,CNTT,19/5/2007
250214,Tran Ha,ATTT,6/7/2007
250215,Pham Ha,KTDL,30/5/2007
250216,Tran Ha,AI,29/3/2007
250217,Pham Ha,CNTT,20/9/2007
250218,Tran Ha,ATTT,12/3/2007
250219,Tran Thi Ha,KTDL,31/5/2007
250220,Huynh Ha,AI,1/7/2007
250221,Huynh Tran Van Hao,CNTT,22/9/2007
250222,Nguyen Tran Thuy Hao,ATTT,5/4/2007
250223,Bui Thanh Hao,KTDL,2/2/2007
250224,Tran Hao,AI,13/8/2007
250225,Le Huynh Gia Hao,CNTT,14/6/2007
250226,Vu Hao,ATTT,18/4/2007
250227,Le Van Hao,KTDL,21/10/2007
250228,Vo Thanh Hao,AI,29/8/2007
250229,Tran Hao,CNTT,1/10/2007
250230,Tran Hao,ATTT,17/8/2007
250231,Pham Hanh,KTDL,5/2/2007
250232,Vu Hanh,AI,16/12/2007
250233,Le Thuy Hanh,CNTT,1/2/2007
250234,Bui Hanh,ATTT,12/8/2007
250235,Vo Hanh,KTDL,30/2/2007
250236,Nguyen Tue Hanh,AI,25/12/2007
250237,Tran Vo Ngoc Hanh,CNTT,5/6/2007
250238,Vu Huynh Tu Hanh,ATTT,5/4/2007
250239,Tran Cat Hanh,KTDL,14/2/2007
250240,Huynh Khanh Hanh,AI,4/8/2007
250241,Tran Minh Hang,CNTT,30/10/2007
250242,Huynh Khanh Hang,ATTT,8/8/2007
250243,Vu Minh Hang,KTDL,29/2/2007
250244,Bui Tue Hang,AI,12/12/2007
250245,Pham Bui Khanh Hang,CNTT,12/10/2007
250246,Hoang Vo Ngoc Hang,ATTT,23/12/2007
250247,Vu Phan Thanh Hang,KTDL,13/2/2007
250248,Pham Minh Hang,AI,2/12/2007
250249,Bui Le Phuong Hang,CNTT,21/6/2007
250250,Huynh Hang,ATTT,21/8/2007
250251,Huynh Hieu,KTDL,12/2/2007
250252,Vo Thanh Hieu,AI,13/8/2007
250253,Tran Tan Hieu,CNTT,22/6/2007
250254,Nguyen Duc Hieu,ATTT,20/4/2007
250255,Le Anh Hieu,KTDL,4/2/2007
250256,Nguyen Hieu,AI,3/12/2007
250257,Bui Hieu,CNTT,16/10/2007
250258,Vo Hoang Van Hieu,ATTT,25/12/2007
250259,Bui Duc Hieu,KTDL,20/10/2007
250260,Tran Phan Quang Hieu,AI,31/12/2007
250261,Tran Hoa,CNTT,23/2/2007
250262,Hoang Bui Tue Hoa,ATTT,5/4/2007
250263,Tran Nguyen Tue Hoa,KTDL,20/10/2007
250264,Tran Thi Hoa,AI,25/4/2007
250265,Vo Pham Thuy Hoa,CNTT,16/12/2007
250266,Vo Hoa,ATTT,31/10/2007
250267,Vo Le Phuong Hoa,KTDL,17/8/2007
250268,Bui Ngoc Hoa,AI,3/6/2007
250269,Hoang Phan Ngoc Hoa,CNTT,19/4/2007
250270,Tran Bui Tue Hoa,ATTT,7/2/2007
250271,Hoang Nguyen Dong Hoang,KTDL,29/8/2007
250272,Le Bui Quang Hoang,AI,11/6/2007
250273,Vu Nguyen Gia Hoang,CNTT,24/12/2007
250274,Vu Hoang,ATTT,13/2/2007
250275,Hoang Hoang,KTDL,14/4/2007
250276,Vu Bui Quang Hoang,AI,13/10/2007
250277,Tran Anh Hoang,CNTT,4/8/2007
250278,Huynh Quang Hoang,ATTT,9/6/2007
250279,Le Hoang,KTDL,23/4/2007
250280,Vu Bui Gia Hoang,AI,7/2/2007
250281,Tran Bui Thanh Hue,CNTT,25/12/2007
250282,Le Thi Hue,ATTT,14/6/2007
250283,Nguyen Hoang Thuy Hue,KTDL,24/12/2007
250284,Nguyen Ngoc Hue,AI,1/6/2007
250285,Vu Minh Hue,CNTT,1/4/2007
250286,Bui Pham Thi Hue,ATTT,4/2/2007
250287,Huynh Ngoc Hue,KTDL,9/4/2007
250288,Pham Nguyen Ngoc Hue,AI,11/11/2007
250289,Pham Hue,CNTT,1/5/2007
250290,Hoang Phuong Hue,ATTT,6/3/2007
250291,Nguyen Hung,KTDL,6/1/2007
250292,Vo Thanh Hung,AI,27/3/2007
250293,Tran Van Hung,CNTT,12/1/2007
250294,Phan Tran Minh Hung,ATTT,22/7/2007
250295,Huynh Hung,KTDL,24/5/2007
250296,Bui Hung,AI,24/11/2007
250297,Phan Le Chi Hung,CNTT,16/9/2007
250298,Bui Duc Hung,ATTT,17/12/2007
250299,Vu Phan Quang Hung,KTDL,16/2/2007
250300,Pham Van Hung,AI,6/8/2007
250301,Nguyen Huy,CNTT,13/10/2007
250302,Bui Hoang Chi Huy,ATTT,10/4/2007
250303,Nguyen Huy,KTDL,9/2/2007
250304,Nguyen Huy,AI,22/12/2007
250305,Vo Hoang Minh Huy,CNTT,29/6/2007
250306,Vo Gia Huy,ATTT,19/12/2007
250307,Pham Huynh Quang Huy,KTDL,12/6/2007
250308,Tran Nguyen Thanh Huy,AI,6/8/2007
250309,Tran Huy,CNTT,22/10/2007
250310,Pham Vo Gia Huy,ATTT,3/8/2007
250311,Vu Huong,KTDL,28/6/2007
250312,Le Bui Ngoc Huong,AI,24/12/2007
250313,Hoang Huong,CNTT,5/2/2007
250314,Le Huong,ATTT,27/8/2007
250315,Le Vo Tue Huong,KTDL,26/10/2007
250316,Pham Huong,AI,15/8/2007
250317,Hoang Thi Huong,CNTT,27/6/2007
250318,Huynh Huong,ATTT,17/12/2007
250319,Nguyen Thanh Huong,KTDL,22/6/2007
250320,Tran Thi Huong,AI,2/8/2007
250321,Huynh Hoang Chi Khang,CNTT,19/2/2007
250322,Bui Pham Van Khang,ATTT,12/12/2007
250323,Phan Khang,KTDL,22/2/2007
250324,Nguyen Khang,AI,29/1/2007
250325,Vo Khang,CNTT,5/7/2007
250326,Phan Khang,ATTT,4/1/2007
250327,Phan Khang,KTDL,11/3/2007
250328,Nguyen Tran Van Khang,AI,20/5/2007
250329,Vo Hoang Tan Khang,CNTT,9/3/2007
250330,Vo Gia Khang,ATTT,9/9/2007
250331,Hoang Phan Minh Khanh,KTDL,6/11/2007
250332,Vo Hoang Van Khanh,AI,23/5/2007
250333,Bui Tu Khanh,CNTT,30/3/2007
250334,Hoang Chi Khanh,ATTT,9/1/2007
250335,Nguyen Pham Thuy Khanh,KTDL,7/3/2007
250336,Vo Khanh,AI,28/1/2007
250337,Huynh Thanh Khanh,CNTT,27/3/2007
250338,Hoang Khanh,ATTT,3/5/2007
250339,Le Vo Thanh Khanh,KTDL,6/3/2007
250340,Hoang Khanh,AI,21/5/2007
250341,Le Tan Khoa,CNTT,30/3/2007
250342,Huynh Gia Khoa,ATTT,12/9/2007
250343,Tran Anh Khoa,KTDL,13/8/2007
250344,Nguyen Khoa,AI,1/10/2007
250345,Bui Dong Khoa,CNTT,21/4/2007
250346,Le Phan Dong Khoa,ATTT,10/10/2007
250347,Le Bui Gia Khoa,KTDL,6/4/2007
250348,Vu Vo Gia Khoa,AI,12/10/2007
250349,Le Khoa,CNTT,2/12/2007
250350,Tran Nguyen Dong Khoa,ATTT,30/2/2007
250351,Tran Tan Khoi,KTDL,9/12/2007
250352,Nguyen Khoi,AI,3/2/2007
250353,Nguyen Duc Khoi,CNTT,9/8/2007
250354,Tran Khoi,ATTT,16/2/2007
250355,Tran Huynh Dong Khoi,KTDL,17/12/2007
250356,Pham Phan Dong Khoi,AI,8/2/2007
250357,Hoang Van Khoi,CNTT,6/12/2007
250358,Phan Khoi,ATTT,4/10/2007
250359,Vo Le Tan Khoi,KTDL,12/12/2007
250360,Phan Khoi,AI,5/6/2007
250361,Vo Kien,CNTT,21/4/2007
250362,Phan Pham Anh Kien,ATTT,27/6/2007
250363,Huynh Tran Minh Kien,KTDL,15/12/2007
250364,Phan Dong Kien,AI,26/6/2007
250365,Tran Van Kien,CNTT,7/8/2007
250366,Phan Kien,ATTT,7/6/2007
250367,Phan Kien,KTDL,23/4/2007
250368,Phan Thanh Kien,AI,29/10/2007
250369,Hoang Kien,CNTT,17/12/2007
250370,Le Vo Thanh Kien,ATTT,28/2/2007
250371,Hoang Thuy Lan,KTDL,14/12/2007
250372,Nguyen Lan,AI,23/10/2007
250373,Phan Pham Cat Lan,CNTT,20/12/2007
250374,Nguyen Thanh Lan,ATTT,22/6/2007
250375,Le Vo Ngoc Lan,KTDL,17/12/2007
250376,Hoang Thi Lan,AI,19/10/2007
250377,Huynh Le Minh Lan,CNTT,8/8/2007
250378,Phan Tu Lan,ATTT,24/6/2007
250379,Tran Bui Ngoc Lan,KTDL,12/12/2007
250380,Hoang Vo Tu Lan,AI,15/10/2007
250381,Le Lam,CNTT,1/4/2007
250382,Le Lam,ATTT,5/10/2007
250383,Hoang Lam,KTDL,21/12/2007
250384,Vu Lam,AI,20/6/2007
250385,Le Bui Thanh Lam,CNTT,20/12/2007
250386,Le Lam,ATTT,8/2/2007
250387,Pham Phan Thanh Lam,KTDL,15/8/2007
250388,Hoang Tan Lam,AI,10/6/2007
250389,Phan Thanh Lam,CNTT,1/9/2007
250390,Vu Bui Thanh Lam,ATTT,4/11/2007
250391,Le Nguyen Tu Lien,KTDL,7/1/2007
250392,Pham Lien,AI,21/7/2007
250393,Le Cat Lien,CNTT,29/9/2007
250394,Huynh Lien,ATTT,2/3/2007
250395,Phan Tue Lien,KTDL,25/9/2007
250396,Tran Lien,AI,17/11/2007
250397,Vu Phuong Lien,CNTT,15/5/2007
250398,Vo Vu Thuy Lien,ATTT,29/11/2007
250399,Phan Tran Minh Lien,KTDL,20/1/2007
250400,Huynh Khanh Lien,AI,13/11/2007
250401,Hoang Linh,CNTT,22/9/2007
250402,Le Linh,ATTT,13/11/2007
250403,Le Phan Tu Linh,KTDL,9/5/2007
250404,Hoang Linh,AI,21/7/2007
250405,Pham Linh,CNTT,23/1/2007
250406,Le Vo Thanh Linh,ATTT,22/11/2007
250407,Pham Bui Ngoc Linh,KTDL,4/9/2007
250408,Hoang Nguyen Tu Linh,AI,28/7/2007
250409,Vu Nguyen Tu Linh,CNTT,3/5/2007
250410,Pham Linh,ATTT,28/3/2007
250411,Pham Long,KTDL,2/9/2007
250412,Pham Phan Quang Long,AI,4/3/2007
250413,Pham Tan Long,CNTT,12/9/2007
250414,Phan Long,ATTT,22/11/2007
250415,Vo Long,KTDL,18/9/2007
250416,Nguyen Long,AI,11/3/2007
250417,Vo Dong Long,CNTT,24/9/2007
250418,Pham Tan Long,ATTT,18/7/2007
250419,Phan Long,KTDL,24/1/2007
250420,Nguyen Gia Long,AI,21/11/2007
250421,Vu Huynh Gia Loc,CNTT,13/1/2007
250422,Le Loc,ATTT,26/7/2007
250423,Le Tan Loc,KTDL,26/9/2007
250424,Vo Loc,AI,3/3/2007
250425,Vo Loc,CNTT,11/9/2007
250426,Huynh Loc,ATTT,7/11/2007
250427,Bui Loc,KTDL,1/9/2007
250428,Huynh Loc,AI,8/7/2007
250429,Phan Thanh Loc,CNTT,19/1/2007
250430,Hoang Loc,ATTT,22/11/2007
250431,Pham Ly,KTDL,29/9/2007
250432,Tran Ly,AI,21/3/2007
250433,Le Huynh Tue Ly,CNTT,12/9/2007
250434,Pham Bui Tue Ly,ATTT,8/3/2007
250435,Pham Nguyen Ngoc Ly,KTDL,13/5/2007
250436,Tran Bui Khanh Ly,AI,26/11/2007
250437,Le Minh Ly,CNTT,20/5/2007
250438,Huynh Tue Ly,ATTT,8/7/2007
250439,Tran Ly,KTDL,14/9/2007
250440,Vu Vo Ngoc Ly,AI,7/3/2007
250441,Vu Nguyen Tu Mai,CNTT,1/1/2007
250442,Le Thuy Mai,ATTT,3/3/2007
250443,Vo Mai,KTDL,3/5/2007
250444,Huynh Mai,AI,26/7/2007
250445,Phan Ngoc Mai,CNTT,20/5/2007
250446,Pham Phuong Mai,ATTT,17/11/2007
250447,Bui Hoang Cat Mai,KTDL,10/1/2007
250448,Vo Mai,AI,16/3/2007
250449,Phan Mai,CNTT,23/5/2007
250450,Bui Mai,ATTT,5/3/2007
250451,Vo Tran Minh Manh,KTDL,11/1/2007
250452,Vo Vu Van Manh,AI,6/7/2007
250453,Nguyen Gia Manh,CNTT,29/9/2007
250454,Pham Manh,ATTT,10/11/2007
250455,Hoang Anh Manh,KTDL,26/1/2007
250456,Phan Quang Manh,AI,18/7/2007
250457,Hoang Manh,CNTT,8/1/2007
250458,Pham Bui Quang Manh,ATTT,23/3/2007
250459,Tran Manh,KTDL,21/9/2007
250460,Vu Anh Manh,AI,30/7/2007
250461,Phan Vu Tan Minh,CNTT,30/9/2007
250462,Bui Hoang Thi Minh,ATTT,4/11/2007
250463,Huynh Hoang Van Minh,KTDL,2/1/2007
250464,Huynh Tu Minh,AI,16/11/2007
250465,Tran Phan Quang Minh,CNTT,3/5/2007
250466,Le Nguyen Ngoc Minh,ATTT,13/7/2007
250467,Tran Minh,KTDL,13/5/2007
250468,Tran Vo Thanh Minh,AI,7/11/2007
250469,Hoang Huynh Duc Minh,CNTT,25/1/2007
250470,Vu Thi Minh,ATTT,21/3/2007
250471,Vo My,KTDL,26/5/2007
250472,Huynh Khanh My,AI,1/11/2007
250473,Pham My,CNTT,11/9/2007
250474,Pham My,ATTT,31/3/2007
250475,Le Thuy My,KTDL,7/5/2007
250476,Vo Le Cat My,AI,14/3/2007
250477,Phan Tran Thi My,CNTT,31/1/2007
250478,Phan Tue My,ATTT,28/11/2007
250479,Le Nguyen Khanh My,KTDL,16/9/2007
250480,Vu Bui Tue My,AI,18/3/2007
250481,Vu Tan Nam,CNTT,18/9/2007
250482,Phan Nam,ATTT,14/7/2007
250483,Nguyen Dong Nam,KTDL,13/1/2007
250484,Vu Vo Gia Nam,AI,23/3/2007
250485,Hoang Anh Nam,CNTT,16/5/2007
250486,Phan Nam,ATTT,14/3/2007
250487,Vo Vu Anh Nam,KTDL,14/9/2007
250488,Phan Hoang Chi Nam,AI,26/11/2007
250489,Nguyen Tran Tan Nam,CNTT,12/5/2007
250490,Vo Nam,ATTT,6/3/2007
250491,Nguyen Pham Minh Nga,KTDL,1/5/2007
250492,Vo Nga,AI,9/7/2007
250493,Huynh Pham Cat Nga,CNTT,5/5/2007
250494,Nguyen Nga,ATTT,21/3/2007
250495,Huynh Ngoc Nga,KTDL,17/9/2007
250496,Pham Cat Nga,AI,4/12/2007
250497,Huynh Tu Nga,CNTT,26/10/2007
250498,Hoang Nga,ATTT,22/8/2007
250499,Vu Bui Tu Nga,KTDL,20/6/2007
250500,Le Huynh Khanh Nga,AI,19/12/2007
250501,Le Vo Khanh Ngan,CNTT,15/2/2007
250502,Tran Thi Ngan,ATTT,8/4/2007
250503,Vo Ngan,KTDL,5/2/2007
250504,Bui Khanh Ngan,AI,1/8/2007
250505,Le Ngan,CNTT,21/6/2007
250506,Pham Cat Ngan,ATTT,1/12/2007
250507,Nguyen Thanh Ngan,KTDL,15/6/2007
250508,Hoang Ngan,AI,9/12/2007
250509,Le Cat Ngan,CNTT,16/6/2007
250510,Bui Ngan,ATTT,5/12/2007
250511,Huynh Le Chi Nghia,KTDL,16/6/2007
250512,Huynh Thanh Nghia,AI,24/4/2007
250513,Le Tan Nghia,CNTT,2/6/2007
250514,Vo Nghia,ATTT,28/12/2007
250515,Phan Tran Tan Nghia,KTDL,7/10/2007
250516,Vo Nghia,AI,22/4/2007
250517,Bui Dong Nghia,CNTT,30/2/2007
250518,Le Tan Nghia,ATTT,4/8/2007
250519,Bui Quang Nghia,KTDL,11/2/2007
250520,Le Nguyen Quang Nghia,AI,4/12/2007
250521,Tran Nguyen Dong Ngoc,CNTT,4/2/2007
250522,Le Cat Ngoc,ATTT,7/9/2007
250523,Phan Ngoc,KTDL,23/11/2007
250524,Vo Pham Phuong Ngoc,AI,30/5/2007
250525,Phan Hoang Anh Ngoc,CNTT,27/3/2007
250526,Phan Le Thi Ngoc,ATTT,27/5/2007
250527,Bui Ngoc,KTDL,20/3/2007
250528,Bui Le Thi Ngoc,AI,16/5/2007
250529,Huynh Ngoc,CNTT,3/7/2007
250530,Huynh Pham Thi Ngoc,ATTT,19/9/2007
250531,Nguyen Le Phuong Nguyet,KTDL,29/7/2007
250532,Nguyen Thanh Nguyet,AI,11/1/2007
250533,Le Nguyet,CNTT,2/7/2007
250534,Le Minh Nguyet,ATTT,14/5/2007
250535,Nguyen Ngoc Nguyet,KTDL,1/11/2007
250536,Tran Nguyet,AI,17/5/2007
250537,Tran Nguyet,CNTT,19/7/2007
250538,Pham Phuong Nguyet,ATTT,28/9/2007
250539,Phan Nguyet,KTDL,21/3/2007
250540,Bui Pham Minh Nguyet,AI,29/1/2007
250541,Huynh Nha,CNTT,4/11/2007
250542,Nguyen Nha,ATTT,17/9/2007
250543,Huynh Tue Nha,KTDL,10/11/2007
250544,Pham Nha,AI,30/9/2007
250545,Pham Cat Nha,CNTT,9/7/2007
250546,Vo Nha,ATTT,20/5/2007
250547,Phan Nha,KTDL,6/11/2007
250548,Nguyen Khanh Nha,AI,16/5/2007
250549,Hoang Phuong Nha,CNTT,14/3/2007
250550,Huynh Le Thi Nha,ATTT,3/1/2007
250551,Phan Tu Nhan,KTDL,9/7/2007
250552,Tran Vo Duc Nhan,AI,12/1/2007
250553,Vu Bui Khanh Nhan,CNTT,10/7/2007
250554,Pham Vo Duc Nhan,ATTT,15/5/2007
250555,Tran Nguyen Tue Nhan,KTDL,27/3/2007
250556,Vu Chi Nhan,AI,27/5/2007
250557,Huynh Nhan,CNTT,4/3/2007
250558,Vo Dong Nhan,ATTT,26/5/2007
250559,Tran Thuy Nhan,KTDL,25/7/2007
250560,Phan Tran Chi Nhan,AI,11/5/2007
250561,Bui Gia Nhat,CNTT,13/7/2007
250562,Pham Nguyen Duc Nhat,ATTT,26/5/2007
250563,Pham Phan Dong Nhat,KTDL,29/7/2007
250564,Tran Nhat,AI,19/1/2007
250565,Pham Huynh Dong Nhat,CNTT,16/3/2007
250566,Tran Van Nhat,ATTT,10/9/2007
250567,Bui Le Minh Nhat,KTDL,18/7/2007
250568,Nguyen Pham Chi Nhat,AI,28/9/2007
250569,Huynh Pham Anh Nhat,CNTT,17/7/2007
250570,Huynh Quang Nhat,ATTT,26/9/2007
250571,Tran Vo Tue Nhi,KTDL,14/11/2007
250572,Vu Bui Khanh Nhi,AI,25/9/2007
250573,Hoang Bui Tu Nhi,CNTT,30/3/2007
250574,Tran Nhi,ATTT,18/1/2007
250575,Pham Nhi,KTDL,24/3/2007
250576,Le Huynh Tu Nhi,AI,17/9/2007
250577,Hoang Minh Nhi,CNTT,19/3/2007
250578,Bui Nhi,ATTT,25/5/2007
250579,Phan Tran Phuong Nhi,KTDL,23/7/2007
250580,Bui Nhi,AI,22/9/2007
250581,Bui Tue Nhung,CNTT,26/3/2007
250582,Hoang Cat Nhung,ATTT,23/9/2007
250583,Nguyen Nhung,KTDL,27/11/2007
250584,Bui Hoang Cat Nhung,AI,26/5/2007
250585,Nguyen Nhung,CNTT,8/3/2007
250586,Nguyen Nhung,ATTT,20/9/2007
250587,Nguyen Le Thi Nhung,KTDL,12/12/2007
250588,Bui Vu Minh Nhung,AI,26/6/2007
250589,Huynh Tue Nhung,CNTT,4/12/2007
250590,Le Nhung,ATTT,23/2/2007
250591,Pham Phan Khanh Oanh,KTDL,16/8/2007
250592,Pham Oanh,AI,20/6/2007
250593,Tran Thuy Oanh,CNTT,28/12/2007
250594,Vo Oanh,ATTT,29/6/2007
250595,Huynh Thanh Oanh,KTDL,25/12/2007
250596,Pham Vo Ngoc Oanh,AI,23/2/2007
250597,Hoang Phan Ngoc Oanh,CNTT,28/4/2007
250598,Le Oanh,ATTT,21/10/2007
250599,Pham Thi Oanh,KTDL,21/8/2007
250600,Phan Pham Minh Oanh,AI,29/10/2007
250601,Huynh Dong Phong,CNTT,31/12/2007
250602,Tran Huynh Duc Phong,ATTT,25/2/2007
250603,Le Phong,KTDL,22/12/2007
250604,Le Huynh Dong Phong,AI,25/2/2007
250605,Le Tan Phong,CNTT,22/12/2007
250606,Huynh Vu Minh Phong,ATTT,10/6/2007
250607,Nguyen Gia Phong,KTDL,26/4/2007
250608,Le Tan Phong,AI,3/10/2007
250609,Bui Vu Minh Phong,CNTT,6/12/2007
250610,Bui Gia Phong,ATTT,20/10/2007
250611,Le Huynh Gia Phat,KTDL,16/4/2007
250612,Hoang Vo Dong Phat,AI,26/3/2007
250613,Tran Phat,CNTT,15/5/2007
250614,Pham Chi Phat,ATTT,29/7/2007
250615,Phan Phat,KTDL,19/1/2007
250616,Nguyen Thanh Phat,AI,18/3/2007
250617,Pham Minh Phat,CNTT,2/9/2007
250618,Bui Vu Van Phat,ATTT,14/11/2007
250619,Nguyen Gia Phat,KTDL,28/5/2007
250620,Le Phat,AI,2/3/2007
250621,Pham Phuc,CNTT,3/5/2007
250622,Le Nguyen Quang Phuc,ATTT,19/3/2007
250623,Hoang Tan Phuc,KTDL,25/1/2007
250624,Huynh Phuc,AI,23/7/2007
250625,Nguyen Quang Phuc,CNTT,11/1/2007
250626,Tran Anh Phuc,ATTT,22/7/2007
250627,Phan Pham Chi Phuc,KTDL,1/1/2007
250628,Vo Gia Phuc,AI,3/7/2007
250629,Le Anh Phuc,CNTT,11/9/2007
250630,Vo Phuc,ATTT,22/11/2007
250631,Vo Phuong,KTDL,21/9/2007
250632,Bui Khanh Phuong,AI,5/3/2007
250633,Pham Phan Khanh Phuong,CNTT,17/1/2007
250634,Vu Cat Phuong,ATTT,16/3/2007
250635,Huynh Pham Minh Phuong,KTDL,29/9/2007
250636,Vo Tu Phuong,AI,5/3/2007
250637,Le Phan Thanh Phuong,CNTT,21/9/2007
250638,Pham Bui Thanh Phuong,ATTT,21/11/2007
250639,Hoang Vo Thanh Phuong,KTDL,23/9/2007
250640,Hoang Phuong,AI,16/11/2007
250641,Hoang Quang,CNTT,12/5/2007
250642,Pham Quang,ATTT,10/7/2007
250643,Vu Quang,KTDL,30/9/2007
250644,Tran Nguyen Thanh Quang,AI,3/7/2007
250645,Pham Huynh Duc Quang,CNTT,18/1/2007
250646,Le Quang,ATTT,7/11/2007
250647,Hoang Bui Dong Quang,KTDL,17/9/2007
250648,Le Quang,AI,1/7/2007
250649,Tran Huynh Dong Quang,CNTT,27/1/2007
250650,Le Minh Quang,ATTT,1/11/2007
250651,Huynh Quan,KTDL,9/5/2007
250652,Huynh Gia Quan,AI,21/11/2007
250653,Tran Quan,CNTT,21/1/2007
250654,Tran Tan Quan,ATTT,31/7/2007
250655,Vo Quang Quan,KTDL,15/1/2007
250656,Hoang Quan,AI,17/11/2007
250657,Pham Minh Quan,CNTT,17/9/2007
250658,Nguyen Hoang Anh Quan,ATTT,3/7/2007
250659,Huynh Quan,KTDL,31/5/2007
250660,Vo Gia Quan,AI,24/11/2007
250661,Le Cat Quyen,CNTT,7/5/2007
250662,Phan Vu Phuong Quyen,ATTT,18/7/2007
250663,Nguyen Quyen,KTDL,20/9/2007
250664,Bui Tran Minh Quyen,AI,4/7/2007
250665,Bui Quyen,CNTT,22/1/2007
250666,Huynh Le Minh Quyen,ATTT,28/11/2007
250667,Bui Pham Cat Quyen,KTDL,19/9/2007
250668,Vo Quyen,AI,13/11/2007
250669,Bui Tu Quyen,CNTT,25/9/2007
250670,Tran Quyen,ATTT,28/11/2007
250671,Vu Phan Ngoc Quynh,KTDL,12/9/2007
250672,Le Thuy Quynh,AI,23/7/2007
250673,Nguyen Tran Thuy Quynh,CNTT,27/1/2007
250674,Vo Ngoc Quynh,ATTT,2/3/2007
250675,Pham Quynh,KTDL,27/5/2007
250676,Le Quynh,AI,15/3/2007
250677,Tran Bui Thanh Quynh,CNTT,12/5/2007
250678,Pham Vo Tu Quynh,ATTT,10/7/2007
250679,Tran Quynh,KTDL,10/1/2007
250680,Hoang Quynh,AI,2/3/2007
250681,Hoang Bui Quang Son,CNTT,18/1/2007
250682,Hoang Son,ATTT,15/11/2007
250683,Tran Anh Son,KTDL,15/9/2007
250684,Huynh Gia Son,AI,13/3/2007
250685,Vu Son,CNTT,19/5/2007
250686,Le Van Son,ATTT,3/7/2007
250687,Bui Pham Van Son,KTDL,27/9/2007
250688,Bui Hoang Chi Son,AI,9/3/2007
250689,Vo Thanh Son,CNTT,9/1/2007
250690,Tran Minh Son,ATTT,28/11/2007
250691,Huynh Tai,KTDL,2/1/2007
250692,Phan Quang Tai,AI,2/11/2007
250693,Vu Tai,CNTT,2/5/2007
250694,Tran Van Tai,ATTT,10/3/2007
250695,Huynh Quang Tai,KTDL,29/9/2007
250696,Vu Bui Duc Tai,AI,23/11/2007
250697,Tran Van Tai,CNTT,1/9/2007
250698,Huynh Tai,ATTT,20/7/2007
250699,Huynh Tai,KTDL,15/5/2007
250700,Vo Thanh Tai,AI,6/7/2007
250701,Vu Anh Tam,CNTT,19/1/2007
250702,Bui Tam,ATTT,19/7/2007
250703,Huynh Quang Tam,KTDL,3/9/2007
250704,Pham Huynh Tu Tam,AI,23/11/2007
250705,Vu Tan Tam,CNTT,30/5/2007
250706,Huynh Le Minh Tam,ATTT,17/3/2007
250707,Vo Le Tan Tam,KTDL,4/1/2007
250708,Phan Tran Thuy Tam,AI,22/11/2007
250709,Huynh Vu Chi Tam,CNTT,7/9/2007
250710,Phan Tu Tam,ATTT,30/7/2007
250711,Hoang Thanh,KTDL,24/1/2007
250712,Pham Tan Thanh,AI,13/11/2007
250713,Huynh Le Phuong Thanh,CNTT,14/5/2007
250714,Vo Le Tan Thanh,ATTT,16/7/2007
250715,Phan Pham Phuong Thanh,KTDL,4/1/2007
250716,Phan Thanh,AI,23/7/2007
250717,Bui Hoang Phuong Thanh,CNTT,3/5/2007
250718,Huynh Pham Minh Thanh,ATTT,6/7/2007
250719,Huynh Hoang Cat Thanh,KTDL,13/5/2007
250720,Huynh Pham Tan Thanh,AI,8/11/2007
250721,Huynh Pham Tan Thanh,CNTT,20/1/2007
250722,Huynh Gia Thanh,ATTT,14/11/2007
250723,Le Phan Dong Thanh,KTDL,17/9/2007
250724,Vu Minh Thanh,AI,3/7/2007
250725,Huynh Thanh,CNTT,25/5/2007
250726,Nguyen Thanh,ATTT,1/3/2007
250727,Bui Tran Van Thanh,KTDL,31/5/2007
250728,Bui Pham Tan Thanh,AI,30/3/2007
250729,Phan Thanh,CNTT,8/5/2007
250730,Phan Le Chi Thanh,ATTT,25/3/2007
250731,Vo Hoang Phuong Thao,KTDL,25/5/2007
250732,Vo Thao,AI,15/11/2007
250733,Bui Thao,CNTT,16/9/2007
250734,Vo Thao,ATTT,22/11/2007
250735,Nguyen Le Phuong Thao,KTDL,29/1/2007
250736,Huynh Thao,AI,11/11/2007
250737,Nguyen Le Cat Thao,CNTT,7/5/2007
250738,Huynh Hoang Thi Thao,ATTT,14/7/2007
250739,Nguyen Vu Thi Thao,KTDL,21/1/2007
250740,Huynh Vu Phuong Thao,AI,14/3/2007
250741,Huynh Thanh Tham,CNTT,16/9/2007
250742,Tran Tham,ATTT,25/3/2007
250743,Tran Thi Tham,KTDL,22/9/2007
250744,Nguyen Thanh Tham,AI,21/3/2007
250745,Hoang Nguyen Tue Tham,CNTT,22/1/2007
250746,Vu Huynh Tu Tham,ATTT,17/11/2007
250747,Pham Huynh Tu Tham,KTDL,26/9/2007
250748,Le Huynh Khanh Tham,AI,6/11/2007
250749,Vu Huynh Tu Tham,CNTT,3/9/2007
250750,Hoang Bui Khanh Tham,ATTT,23/11/2007
250751,Pham Bui Duc Thang,KTDL,21/9/2007
250752,Tran Nguyen Duc Thang,AI,28/11/2007
250753,Pham Vo Dong Thang,CNTT,14/5/2007
250754,Hoang Huynh Duc Thang,ATTT,30/11/2007
250755,Le Phan Thanh Thang,KTDL,27/1/2007
250756,Pham Vo Gia Thang,AI,7/11/2007
250757,Hoang Anh Thang,CNTT,5/9/2007
250758,Phan Gia Thang,ATTT,30/3/2007
250759,Tran Thang,KTDL,29/9/2007
250760,Tran Thang,AI,4/7/2007
250761,Le Bui Thanh Thinh,CNTT,1/5/2007
250762,Pham Thinh,ATTT,11/7/2007
250763,Pham Chi Thinh,KTDL,19/5/2007
250764,Phan Gia Thinh,AI,6/3/2007
250765,Tran Thinh,CNTT,3/5/2007
250766,Tran Thinh,ATTT,6/3/2007
250767,Hoang Chi Thinh,KTDL,25/9/2007
250768,Phan Thanh Thinh,AI,12/7/2007
250769,Vu Van Thinh,CNTT,3/5/2007
250770,Bui Thinh,ATTT,23/11/2007
250771,Phan Hoang Thuy Thu,KTDL,11/1/2007
250772,Huynh Pham Cat Thu,AI,15/11/2007
250773,Bui Thu,CNTT,16/5/2007
250774,Bui Thu,ATTT,18/11/2007
250775,Vo Thu,KTDL,26/9/2007
250776,Vo Thu,AI,14/3/2007
250777,Phan Vu Phuong Thu,CNTT,15/5/2007
250778,Bui Thu,ATTT,7/7/2007
250779,Nguyen Tue Thu,KTDL,10/1/2007
250780,Tran Vo Tu Thu,AI,7/3/2007
250781,Le Nguyen Ngoc Thuy,CNTT,23/5/2007
250782,Le Bui Tue Thuy,ATTT,9/11/2007
250783,Hoang Cat Thuy,KTDL,9/5/2007
250784,Vo Ngoc Thuy,AI,18/7/2007
250785,Le Thi Thuy,CNTT,24/9/2007
250786,Phan Pham Thi Thuy,ATTT,26/3/2007
250787,Bui Hoang Cat Thuy,KTDL,13/9/2007
250788,Nguyen Vu Minh Thuy,AI,22/7/2007
250789,Vo Tue Thuy,CNTT,4/1/2007
250790,Vu Thuy,ATTT,7/11/2007
250791,Pham Bui Tue Tien,KTDL,6/9/2007
250792,Le Huynh Tu Tien,AI,6/7/2007
250793,Pham Nguyen Tu Tien,CNTT,5/9/2007
250794,Tran Bui Khanh Tien,ATTT,15/3/2007
250795,Pham Tien,KTDL,5/9/2007
250796,Vu Phuong Tien,AI,12/11/2007
250797,Vo Hoang Thi Tien,CNTT,3/5/2007
250798,Huynh Tien,ATTT,26/11/2007
250799,Huynh Pham Cat Tien,KTDL,28/5/2007
250800,Nguyen Tien,AI,23/11/2007
250801,Vo Tien,CNTT,2/9/2007
250802,Phan Tien,ATTT,3/3/2007
250803,Phan Tien,KTDL,5/9/2007
250804,Bui Duc Tien,AI,19/3/2007
250805,Le Nguyen Thanh Tien,CNTT,18/9/2007
250806,Pham Tien,ATTT,29/7/2007
250807,Hoang Tien,KTDL,28/1/2007
250808,Tran Phan Duc Tien,AI,10/7/2007
250809,Hoang Van Tien,CNTT,4/1/2007
250810,Nguyen Quang Tien,ATTT,1/11/2007
250811,Le Toan,KTDL,6/9/2007
250812,Vu Phan Thanh Toan,AI,10/3/2007
250813,Pham Vo Duc Toan,CNTT,6/9/2007
250814,Pham Toan,ATTT,5/11/2007
250815,Vu Huynh Duc Toan,KTDL,19/9/2007
250816,Le Chi Toan,AI,19/3/2007
250817,Vo Toan,CNTT,16/9/2007
250818,Bui Le Van Toan,ATTT,13/3/2007
250819,Phan Pham Tan Toan,KTDL,21/1/2007
250820,Phan Duc Toan,AI,22/3/2007
250821,Hoang Trang,CNTT,13/9/2007
250822,Hoang Trang,ATTT,2/11/2007
250823,Le Nguyen Tu Trang,KTDL,27/5/2007
250824,Vu Phan Khanh Trang,AI,11/7/2007
250825,Pham Cat Trang,CNTT,9/9/2007
250826,Vo Trang,ATTT,3/7/2007
250827,Vo Vu Phuong Trang,KTDL,17/5/2007
250828,Nguyen Tu Trang,AI,1/7/2007
250829,Vu Nguyen Thanh Trang,CNTT,30/9/2007
250830,Vu Trang,ATTT,24/11/2007
250831,Tran Tra,KTDL,4/1/2007
250832,Tran Tra,AI,9/11/2007
250833,Vu Tra,CNTT,20/9/2007
250834,Le Phan Ngoc Tra,ATTT,11/3/2007
250835,Hoang Minh Tra,KTDL,29/5/2007
250836,Huynh Tra,AI,17/11/2007
250837,Huynh Tra,CNTT,1/5/2007
250838,Phan Hoang Minh Tra,ATTT,17/11/2007
250839,Vo Pham Phuong Tra,KTDL,25/1/2007
250840,Nguyen Ngoc Tra,AI,1/3/2007
250841,Vu Phuong Tram,CNTT,22/1/2007
250842,Nguyen Tran Phuong Tram,ATTT,17/3/2007
250843,Nguyen Tram,KTDL,5/5/2007
250844,Bui Le Minh Tram,AI,19/11/2007
250845,Vo Ngoc Tram,CNTT,25/6/2007
250846,Hoang Tram,ATTT,21/8/2007
250847,Tran Vo Tue Tram,KTDL,21/2/2007
250848,Hoang Cat Tram,AI,21/12/2007
250849,Phan Thanh Tram,CNTT,13/2/2007
250850,Pham Huynh Tu Tram,ATTT,10/4/2007
250851,Le Tri,KTDL,13/6/2007
250852,Le Tan Tri,AI,24/4/2007
250853,Huynh Tri,CNTT,16/10/2007
250854,Bui Gia Tri,ATTT,26/12/2007
250855,Pham Chi Tri,KTDL,8/2/2007
250856,Nguyen Duc Tri,AI,12/4/2007
250857,Pham Nguyen Thanh Tri,CNTT,9/10/2007
250858,Vu Tri,ATTT,4/12/2007
250859,Tran Van Tri,KTDL,22/6/2007
250860,Phan Dong Tri,AI,23/8/2007
250861,Hoang Phan Quang Trung,CNTT,16/2/2007
250862,Pham Nguyen Thanh Trung,ATTT,21/4/2007
250863,Pham Trung,KTDL,4/2/2007
250864,Le Anh Trung,AI,16/4/2007
250865,Vo Trung,CNTT,27/6/2007
250866,Vo Thanh Trung,ATTT,22/4/2007
250867,Hoang Phan Dong Trung,KTDL,23/6/2007
250868,Vu Chi Trung,AI,29/8/2007
250869,Phan Pham Van Trung,CNTT,8/10/2007
250870,Huynh Le Van Trung,ATTT,17/12/2007
250871,Nguyen Le Cat Truc,KTDL,18/6/2007
250872,Nguyen Truc,AI,20/12/2007
250873,Bui Truc,CNTT,11/10/2007
250874,Nguyen Truc,ATTT,27/12/2007
250875,Phan Truc,KTDL,14/6/2007
250876,Bui Pham Minh Truc,AI,9/12/2007
250877,Huynh Tran Cat Truc,CNTT,9/6/2007
250878,Phan Ngoc Truc,ATTT,27/8/2007
250879,Le Nguyen Khanh Truc,KTDL,30/2/2007
250880,Pham Truc,AI,31/8/2007
250881,Vu Tu,CNTT,2/10/2007
250882,Vu Nguyen Thanh Tu,ATTT,25/8/2007
250883,Le Vo Duc Tu,KTDL,6/2/2007
250884,Hoang Minh Tu,AI,20/12/2007
250885,Bui Le Anh Tu,CNTT,16/10/2007
250886,Huynh Hoang Cat Tu,ATTT,24/12/2007
250887,Bui Thanh Tu,KTDL,7/10/2007
250888,Tran Vo Thanh Tu,AI,11/4/2007
250889,Le Tu,CNTT,7/10/2007
250890,Vu Tu,ATTT,25/4/2007
250891,Tran Chi Tuan,KTDL,8/6/2007
250892,Bui Thanh Tuan,AI,20/12/2007
250893,Tran Chi Tuan,CNTT,3/2/2007
250894,Huynh Gia Tuan,ATTT,29/12/2007
250895,Hoang Vo Dong Tuan,KTDL,24/2/2007
250896,Tran Huynh Thanh Tuan,AI,13/8/2007
250897,Hoang Anh Tuan,CNTT,21/10/2007
250898,Phan Hoang Minh Tuan,ATTT,30/12/2007
250899,Vo Pham Van Tuan,KTDL,28/2/2007
250900,Bui Hoang Minh Tuan,AI,16/4/2007
250901,Nguyen Hoang Chi Tung,CNTT,7/10/2007
250902,Vo Tung,ATTT,3/4/2007
250903,Phan Vu Chi Tung,KTDL,9/2/2007
250904,Phan Tung,AI,2/8/2007
250905,Nguyen Hoang Minh Tung,CNTT,18/10/2007
250906,Bui Tung,ATTT,1/4/2007
250907,Nguyen Tung,KTDL,27/6/2007
250908,Huynh Hoang Tan Tung,AI,22/8/2007
250909,Vo Tung,CNTT,28/2/2007
250910,Huynh Tung,ATTT,5/4/2007
250911,Nguyen Tuyet,KTDL,9/2/2007
250912,Bui Hoang Thi Tuyet,AI,22/12/2007
250913,Nguyen Hoang Cat Tuyet,CNTT,14/2/2007
250914,Vo Tuyet,ATTT,5/8/2007
250915,Vo Ngoc Tuyet,KTDL,7/10/2007
250916,Vu Nguyen Tu Tuyet,AI,29/8/2007
250917,Tran Thi Tuyet,CNTT,16/6/2007
250918,Vo Thanh Tuyet,ATTT,20/12/2007
250919,Tran Phan Tu Tuyet,KTDL,3/2/2007
250920,Le Cat Tuyet,AI,5/4/2007
250921,Vo Thanh Uyen,CNTT,13/10/2007
250922,Tran Uyen,ATTT,14/8/2007
250923,Vu Nguyen Thanh Uyen,KTDL,2/6/2007
250924,Hoang Nguyen Khanh Uyen,AI,13/4/2007
250925,Le Uyen,CNTT,25/10/2007
250926,Le Phuong Uyen,ATTT,18/4/2007
250927,Nguyen Uyen,KTDL,11/6/2007
250928,Phan Tran Thuy Uyen,AI,14/4/2007
250929,Huynh Uyen,CNTT,12/2/2007
250930,Bui Pham Minh Uyen,ATTT,1/8/2007
250931,Bui Khanh Van,KTDL,15/2/2007
250932,Tran Thuy Van,AI,2/8/2007
250933,Bui Van,CNTT,18/10/2007
250934,Vo Hoang Cat Van,ATTT,7/4/2007
250935,Nguyen Vu Thi Van,KTDL,4/6/2007
250936,Bui Le Cat Van,AI,17/8/2007
250937,Bui Pham Phuong Van,CNTT,21/10/2007
250938,Bui Van,ATTT,16/12/2007
250939,Vo Van,KTDL,30/6/2007
250940,Phan Van,AI,1/12/2007
250941,Huynh Tran Chi Viet,CNTT,9/6/2007
250942,Phan Le Anh Viet,ATTT,28/12/2007
250943,Vo Thanh Viet,KTDL,5/2/2007
250944,Le Minh Viet,AI,2/12/2007
250945,Bui Viet,CNTT,21/10/2007
250946,Bui Duc Viet,ATTT,30/8/2007
250947,Pham Nguyen Quang Viet,KTDL,13/10/2007
250948,Tran Huynh Dong Viet,AI,18/8/2007
250949,Le Bui Thanh Viet,CNTT,29/10/2007
250950,Le Viet,ATTT,14/8/2007
250951,Hoang Tan Vinh,KTDL,1/10/2007
250952,Huynh Pham Van Vinh,AI,1/4/2007
250953,Bui Tran Tan Vinh,CNTT,23/2/2007
250954,Huynh Vinh,ATTT,15/8/2007
250955,Huynh Vinh,KTDL,23/6/2007
250956,Nguyen Vinh,AI,20/12/2007
250957,Vo Vinh,CNTT,26/2/2007
250958,Huynh Tran Anh Vinh,ATTT,14/8/2007
250959,Bui Pham Chi Vinh,KTDL,27/2/2007
250960,Vo Gia Vinh,AI,19/12/2007
250961,Pham Vu,CNTT,22/2/2007
250962,Vu Nguyen Duc Vu,ATTT,23/4/2007
250963,Hoang Chi Vu,KTDL,29/8/2007
250964,Vo Vu,AI,9/10/2007
250965,Huynh Vu,CNTT,15/4/2007
250966,Phan Vu,ATTT,23/10/2007
250967,Vo Vu,KTDL,27/8/2007
250968,Phan Vu,AI,3/6/2007
250969,Bui Thanh Vu,CNTT,13/5/2007
250970,Pham Bui Dong Vu,ATTT,17/7/2007
250971,Tran Vy,KTDL,22/1/2007
250972,Pham Thi Vy,AI,28/3/2007
250973,Huynh Tran Minh Vy,CNTT,18/1/2007
250974,Huynh Vu Cat Vy,ATTT,22/7/2007
250975,Nguyen Le Thuy Vy,KTDL,22/5/2007
250976,Huynh Pham Cat Vy,AI,19/7/2007
250977,Vo Thanh Vy,CNTT,25/5/2007
250978,Vu Vy,ATTT,20/11/2007
250979,Tran Phan Tu Vy,KTDL,24/1/2007
250980,Pham Vy,AI,30/7/2007
250981,Vu Nguyen Ngoc Xuan,CNTT,29/5/2007
250982,Tran Nguyen Tu Xuan,ATTT,17/7/2007
250983,Le Minh Xuan,KTDL,15/9/2007
250984,Vo Khanh Xuan,AI,2/3/2007
250985,Hoang Xuan,CNTT,18/1/2007
250986,Vu Nguyen Tue Xuan,ATTT,4/3/2007
250987,Pham Bui Thanh Xuan,KTDL,29/1/2007
250988,Tran Xuan,AI,23/3/2007
250989,Pham Thi Xuan,CNTT,30/5/2007
250990,Phan Tu Xuan,ATTT,23/3/2007
250991,Pham Thuy Yen,KTDL,24/5/2007
250992,Bui Yen,AI,1/3/2007
250993,Vo Yen,CNTT,6/9/2007
250994,Vo Thanh Yen,ATTT,12/3/2007
250995,Hoang Yen,KTDL,15/9/2007
250996,Le Huynh Ngoc Yen,AI,20/11/2007
250997,Tran Thi Yen,CNTT,5/9/2007
250998,Bui Vu Cat Yen,ATTT,18/3/2007
250999,Nguyen Pham Cat Yen,KTDL,15/5/2007
251000,Huynh Ngoc Yen,AI,20/7/2007
